id;action;entity_name;entity_id;username;cooperative_id;branch_id;timestamp;ip_address;user_agent;old_value;new_value;description
1;REJECT;perp among;shrilly towards drowse;roughly hypothesize;26514;6878;2026-08-14T22:30:09;certainly lady;though downright dicker;../fake-data/blob/hipster.txt;../fake-data/blob/hipster.txt;../fake-data/blob/hipster.txt
2;LOGIN;advocate uh-huh;geez;outside lively;30355;28861;2026-08-14T18:53:41;corny corner kindheartedly;oh phew;../fake-data/blob/hipster.txt;../fake-data/blob/hipster.txt;../fake-data/blob/hipster.txt
3;DELETE;seagull of;e-mail;worth busy;6776;21025;2026-08-15T15:51:50;about;voluntarily representation uh-huh;../fake-data/blob/hipster.txt;../fake-data/blob/hipster.txt;../fake-data/blob/hipster.txt
4;VIEW;yuck;yahoo;next unconscious bitterly;9858;25382;2026-08-14T22:06:18;phooey than cone;promise than memorise;../fake-data/blob/hipster.txt;../fake-data/blob/hipster.txt;../fake-data/blob/hipster.txt
5;LOGOUT;quadruple annex queasily;unkempt;versus;23682;25369;2026-08-14T19:59:11;painfully happy-go-lucky;shrilly with skeletal;../fake-data/blob/hipster.txt;../fake-data/blob/hipster.txt;../fake-data/blob/hipster.txt
6;SUBMIT;before vaguely readies;hammock riser;gee spellcheck uh-huh;26877;14590;2026-08-15T11:45:57;athletic;gnash atop apropos;../fake-data/blob/hipster.txt;../fake-data/blob/hipster.txt;../fake-data/blob/hipster.txt
7;REJECT;slight save pip;merge vamoose roughly;so dearest;6121;14210;2026-08-15T10:19:45;eek rapidly versus;voluntarily and pro;../fake-data/blob/hipster.txt;../fake-data/blob/hipster.txt;../fake-data/blob/hipster.txt
8;OTHER;help completion yowza;navigate reassemble lest;paintwork;24170;6390;2026-08-15T12:38:33;submissive;pinstripe phew husband;../fake-data/blob/hipster.txt;../fake-data/blob/hipster.txt;../fake-data/blob/hipster.txt
9;REJECT;hearten;hmph boo kosher;battle;4783;6674;2026-08-14T22:30:56;unbearably;failing rout;../fake-data/blob/hipster.txt;../fake-data/blob/hipster.txt;../fake-data/blob/hipster.txt
10;UPDATE;via alert whenever;within;which more;18748;28371;2026-08-15T09:16:39;pomelo pish ha;marksman;../fake-data/blob/hipster.txt;../fake-data/blob/hipster.txt;../fake-data/blob/hipster.txt
