id;first_name;middle_name;last_name;maiden_name;gender;birth_date;birth_place;nationality;email;phone_number;occupation
1;Samantha;oof deck whether;Treutel;decriminalize gosh;anenst yowza likewise;2026-08-15;inasmuch ack;madly;Taylor_Conroy24@yahoo.com;paltry next;furthermore or
2;Caroline;why across;Russel;abaft;queasily coin;2026-08-14;aw whopping after;utter fragrant sad;Bert74@yahoo.com;whereas provided;boohoo
3;Melvina;hmph respectful;Schiller;lumpy;fat issue;2026-08-15;nicely down;abaft;Bessie.Anderson@yahoo.com;tousle splay;dental
4;Beatrice;so runway;Goldner;but about;rosemary;2026-08-15;fast er;citizen ah;Alisha_Schuppe5@gmail.com;pish around pish;towards
5;Tasha;before eek anneal;Franey;who growing;which atop when;2026-08-15;rapidly beside;cycle ick;Tyler64@yahoo.com;as;whenever hoot
6;Merlin;acidly;Mills;brr finally;unlike improbable commemorate;2026-08-15;fooey ouch across;under fragrant;Sherry44@gmail.com;equatorial righteously instead;gadzooks inasmuch
7;Randy;catalog;Braun-Rolfson;especially nor weird;furthermore;2026-08-15;lightly solemnly;given fooey justly;Beatrice.Sanford42@gmail.com;yum basic provided;woot closed
8;Earlene;vanish digitize;Fritsch;stable;if;2026-08-15;colligate phooey sweetly;dead zebra as;Americo67@gmail.com;sequester forenenst tame;needily injunction until
9;Beverly;righteously readily;Goyette;jungle representation though;knowledgeably polite;2026-08-14;baseboard;corrupt;Gladyce.Armstrong@gmail.com;consequently dreary preclude;minister as who
10;Ola;save mooch;Aufderhar;eek;warmhearted plus cemetery;2026-08-15;creamy;pushy;Arnulfo49@gmail.com;variable;both membership
