id;document_type;original_file_name;stored_file_name;content_type;file_size;storage_path;checksum;verification_status;uploaded_at;verified_at;notes
1;LAND_DOCUMENT;at convalesce blah;until;orchestrate;6240;as section;maul grown;PENDING;2026-08-15T11:28:10;2026-08-14T19:32:24;../fake-data/blob/hipster.txt
2;MEMBERSHIP_FORM;boiling gee;gently despite;clear roughly chime;2470;astonishing hmph;yum eek;PENDING;2026-08-15T12:06:28;2026-08-15T03:15:24;../fake-data/blob/hipster.txt
3;MARRIAGE_CERTIFICATE;psst verve gee;between bestride;cute;16358;frightfully fluffy;loosely oof how;PENDING;2026-08-14T21:08:28;2026-08-14T20:32:21;../fake-data/blob/hipster.txt
4;TAX_DOCUMENT;loftily dental between;vice;yippee squeaky who;8992;interesting;hence;VERIFIED;2026-08-15T10:23:12;2026-08-14T21:16:41;../fake-data/blob/hipster.txt
5;BUSINESS_REGISTRATION;reasonable adjudge;diligently yesterday overconfidently;lashes poetry;13311;mid wonderful;gosh;PENDING;2026-08-15T16:18:58;2026-08-14T22:29:36;../fake-data/blob/hipster.txt
6;PHOTO;dime;expense dazzling;split;15466;lest even;pace facilitate;REJECTED;2026-08-14T21:08:49;2026-08-15T07:38:05;../fake-data/blob/hipster.txt
7;IDENTITY_CARD;stunt yuck bestride;unaccountably;monster;24662;unused sleepily;arraign;REJECTED;2026-08-14T18:52:52;2026-08-15T02:34:51;../fake-data/blob/hipster.txt
8;LAND_DOCUMENT;tinderbox testing;vastly yahoo who;precedent inject coolly;592;elastic repentant consequently;where white fray;REJECTED;2026-08-14T19:56:59;2026-08-15T10:11:19;../fake-data/blob/hipster.txt
9;BIRTH_CERTIFICATE;boo until;sonnet;emerge;107;disinherit provided indeed;annually instead;REJECTED;2026-08-14T18:20:59;2026-08-14T22:56:47;../fake-data/blob/hipster.txt
10;IDENTITY_CARD;although athwart;within;closely impact log;20062;but since;parade behind;VERIFIED;2026-08-15T06:40:35;2026-08-15T14:13:34;../fake-data/blob/hipster.txt
